_id,index,availableCount,timeoutStartedAt,timedOutAt,queuedPlayerIds,playerIds,gameId,treatmentId,batchId,lobbyConfigId,createdAt
gpw48EoKqfanW2sNN,0,6,2022-08-10T16:33:54Z,,"tbTZ8oZNvSzj9kCeA,4iqS3wckjTdnbtPeb,CBWCYFQAYZ5ELw2i8,yiLRJuGqXsGGyDFmr,5oYZXQbXybrJTf3kQ,cy6HigPTSWTac7Xqy,aRNTf6DSMY5kXbQSy,ZJMMMTmtptyqF67qc,ZHKonh5FDupr9YPK8,yAcQod7aT6rwtToAp,NBux3ZrvJ9FQLq24y,ka2dt495GH7dmvyDh,KmWbAeCwcagamgCTG,TPtuShzh3Wk3ymtJY,6ZDCFDBrQxA8kuvPv,SncgNYtNioCEyaHWN,QWwsugysdZETSqF5F,HaWyc8xeFd2ro7iQA,qXfAnzBoZ64SMpq3Q,giAioXYkDM2ovuRmC,iPPJD3YNtrJnkuKQ8,Kju7Q5CrCqjRdNRzd,sSbufz2TAxmpms64o","ZHKonh5FDupr9YPK8,4iqS3wckjTdnbtPeb,ZJMMMTmtptyqF67qc,NBux3ZrvJ9FQLq24y,aRNTf6DSMY5kXbQSy,5oYZXQbXybrJTf3kQ",gpw48EoKqfanW2sNN,Z35EryNXL5tykAKZh,LFaGJt88wfAEo6KhQ,n9uvnsNmeZMttXfuZ,2022-08-10T16:23:32Z
rTdgorcZpRzAdoR3G,0,6,2022-08-10T16:35:58Z,,"tbTZ8oZNvSzj9kCeA,CBWCYFQAYZ5ELw2i8,yiLRJuGqXsGGyDFmr,cy6HigPTSWTac7Xqy,yAcQod7aT6rwtToAp,ka2dt495GH7dmvyDh,KmWbAeCwcagamgCTG,TPtuShzh3Wk3ymtJY,6ZDCFDBrQxA8kuvPv,SncgNYtNioCEyaHWN,QWwsugysdZETSqF5F,HaWyc8xeFd2ro7iQA,qXfAnzBoZ64SMpq3Q,giAioXYkDM2ovuRmC,iPPJD3YNtrJnkuKQ8,Kju7Q5CrCqjRdNRzd,sSbufz2TAxmpms64o,BtvDLsYWmNpX9K8Kk,BKYmqFumY4deqxT3y,r3fCk34ZPnzz6guFr,BDffAKccAcdmipmjh,Ts74ZrbPE7TEDZnPL","cy6HigPTSWTac7Xqy,KmWbAeCwcagamgCTG,qXfAnzBoZ64SMpq3Q,tbTZ8oZNvSzj9kCeA,sSbufz2TAxmpms64o,QWwsugysdZETSqF5F",rTdgorcZpRzAdoR3G,Z35EryNXL5tykAKZh,TxAHbpyrrommazeeo,n9uvnsNmeZMttXfuZ,2022-08-10T16:23:34Z
GpCRWihFk2vrhfrtT,0,6,2022-08-10T16:38:23Z,,"CBWCYFQAYZ5ELw2i8,yiLRJuGqXsGGyDFmr,yAcQod7aT6rwtToAp,ka2dt495GH7dmvyDh,TPtuShzh3Wk3ymtJY,6ZDCFDBrQxA8kuvPv,SncgNYtNioCEyaHWN,HaWyc8xeFd2ro7iQA,giAioXYkDM2ovuRmC,iPPJD3YNtrJnkuKQ8,Kju7Q5CrCqjRdNRzd,BtvDLsYWmNpX9K8Kk,BKYmqFumY4deqxT3y,r3fCk34ZPnzz6guFr,BDffAKccAcdmipmjh,Ts74ZrbPE7TEDZnPL,4PmnBcg4SRc3PhKaj","HaWyc8xeFd2ro7iQA,giAioXYkDM2ovuRmC,iPPJD3YNtrJnkuKQ8,yAcQod7aT6rwtToAp,CBWCYFQAYZ5ELw2i8,BKYmqFumY4deqxT3y",GpCRWihFk2vrhfrtT,Z35EryNXL5tykAKZh,KS3f2R5ksfdpRWXqX,n9uvnsNmeZMttXfuZ,2022-08-10T16:23:34Z
w3bfDagm2C9bQ6dYn,0,6,2022-08-10T16:41:17Z,,"yiLRJuGqXsGGyDFmr,ka2dt495GH7dmvyDh,TPtuShzh3Wk3ymtJY,6ZDCFDBrQxA8kuvPv,SncgNYtNioCEyaHWN,Kju7Q5CrCqjRdNRzd,BtvDLsYWmNpX9K8Kk,r3fCk34ZPnzz6guFr,BDffAKccAcdmipmjh,Ts74ZrbPE7TEDZnPL,4PmnBcg4SRc3PhKaj","TPtuShzh3Wk3ymtJY,BtvDLsYWmNpX9K8Kk,BDffAKccAcdmipmjh,r3fCk34ZPnzz6guFr,Kju7Q5CrCqjRdNRzd,SncgNYtNioCEyaHWN",w3bfDagm2C9bQ6dYn,Z35EryNXL5tykAKZh,myaXt9wqkYWbaqyMX,n9uvnsNmeZMttXfuZ,2022-08-10T16:23:35Z
pGgxscgC8Lx4wZYZM,0,6,2022-08-10T16:46:52Z,2022-08-10T16:51:52Z,"yiLRJuGqXsGGyDFmr,ka2dt495GH7dmvyDh,6ZDCFDBrQxA8kuvPv,Ts74ZrbPE7TEDZnPL,4PmnBcg4SRc3PhKaj","Ts74ZrbPE7TEDZnPL,6ZDCFDBrQxA8kuvPv",,Z35EryNXL5tykAKZh,t692J7W2p8hf5hTd5,n9uvnsNmeZMttXfuZ,2022-08-10T16:23:43Z
fkBo9zXFjZLSSQirs,0,6,2022-08-10T17:06:59Z,2022-08-10T17:12:00Z,iXBNE6pG5wywXT5si,iXBNE6pG5wywXT5si,,Z35EryNXL5tykAKZh,PPxQvXjA6HPWtsdqo,n9uvnsNmeZMttXfuZ,2022-08-10T16:23:45Z
CqmjXkAv5uAAvdpcX,0,6,2022-08-10T17:50:58Z,2022-08-10T17:55:58Z,xp8WPNcYmT4vAbsG4,xp8WPNcYmT4vAbsG4,,Z35EryNXL5tykAKZh,xdJ6mE7f6NMhGtYkB,n9uvnsNmeZMttXfuZ,2022-08-10T16:23:47Z
AbzTTYybnmkx6cgau,0,6,2022-08-10T18:59:41Z,2022-08-10T19:04:41Z,"c4hgXycGP9fdAv2ao,qc8QhFjPCjSJcBPZp,FJHb8JA4W7K6Npg5a,Nyb3hhJ5NApjkNv8a,f9J4jRqf6GJaq6Myj,XSgxnAfXsnpDihZoE,mLeX8w7LYazKCaE88,WJLCr7Lky6x8ZphMh,p2aL966257TsxPDXs,8t7eriRJsQQegCwAr,RksFvttb8XbApSzfe,zm5vvY3PkP6Gor9oo,5veQB2mexnb34YT7P","8t7eriRJsQQegCwAr,RksFvttb8XbApSzfe,mLeX8w7LYazKCaE88,f9J4jRqf6GJaq6Myj,zm5vvY3PkP6Gor9oo",,Z35EryNXL5tykAKZh,stgkQwn6ASmBDwa7n,n9uvnsNmeZMttXfuZ,2022-08-10T18:12:56Z
s4A92fwc4aRzczukm,0,6,2022-08-10T18:56:21Z,,"c4hgXycGP9fdAv2ao,qc8QhFjPCjSJcBPZp,FJHb8JA4W7K6Npg5a,Nyb3hhJ5NApjkNv8a,f9J4jRqf6GJaq6Myj,PzhvWtut35ihQJZwo,XSgxnAfXsnpDihZoE,SNumjkpzeTQMcQ3Xe,mLeX8w7LYazKCaE88,bN7aMXRiG6vtGyeXT,WJLCr7Lky6x8ZphMh,p2aL966257TsxPDXs,8t7eriRJsQQegCwAr,rnh5pRGZyjfWER4pB,mtGsvp8w6EhaLsG2r,pmJ5cq994byahef9d,RksFvttb8XbApSzfe,zm5vvY3PkP6Gor9oo,5veQB2mexnb34YT7P","PzhvWtut35ihQJZwo,mtGsvp8w6EhaLsG2r,SNumjkpzeTQMcQ3Xe,rnh5pRGZyjfWER4pB,pmJ5cq994byahef9d,bN7aMXRiG6vtGyeXT",s4A92fwc4aRzczukm,Z35EryNXL5tykAKZh,EySrgzi4sLgaNJzja,n9uvnsNmeZMttXfuZ,2022-08-10T18:13:03Z
8vDbP6xD36MAFSAFC,0,6,2022-08-10T18:53:12Z,,"c4hgXycGP9fdAv2ao,qc8QhFjPCjSJcBPZp,FJHb8JA4W7K6Npg5a,Nyb3hhJ5NApjkNv8a,f9J4jRqf6GJaq6Myj,NW7z8ZNFWBQBAMj7J,PzhvWtut35ihQJZwo,XSgxnAfXsnpDihZoE,XLEDHh5vRTcbaTgoE,JT7ekvPL347AnrQN5,5pRsBY5kAEt8qRjhX,SNumjkpzeTQMcQ3Xe,mLeX8w7LYazKCaE88,bN7aMXRiG6vtGyeXT,WJLCr7Lky6x8ZphMh,p2aL966257TsxPDXs,8t7eriRJsQQegCwAr,ti9P3jLnSkxpbTipr,JPJgMw5EzQBQ6gw9a,rnh5pRGZyjfWER4pB,mtGsvp8w6EhaLsG2r,pmJ5cq994byahef9d,RksFvttb8XbApSzfe,zm5vvY3PkP6Gor9oo,5veQB2mexnb34YT7P","NW7z8ZNFWBQBAMj7J,JPJgMw5EzQBQ6gw9a,JT7ekvPL347AnrQN5,ti9P3jLnSkxpbTipr,5pRsBY5kAEt8qRjhX,XLEDHh5vRTcbaTgoE",8vDbP6xD36MAFSAFC,Z35EryNXL5tykAKZh,jnocFTkGoaHkpk9jp,n9uvnsNmeZMttXfuZ,2022-08-10T18:13:04Z
7zkybkZW5gtw5mTeD,0,6,2022-08-10T18:51:36Z,,"c4hgXycGP9fdAv2ao,qc8QhFjPCjSJcBPZp,FJHb8JA4W7K6Npg5a,RWRaD4XfPtsHiKvMn,Nyb3hhJ5NApjkNv8a,f9J4jRqf6GJaq6Myj,NdGkuzbeCurPQss8a,NW7z8ZNFWBQBAMj7J,PzhvWtut35ihQJZwo,XSgxnAfXsnpDihZoE,wpQeScFLQ3oohFhkc,XLEDHh5vRTcbaTgoE,N9Fb6na8F5BWBuuqs,JT7ekvPL347AnrQN5,5pRsBY5kAEt8qRjhX,SNumjkpzeTQMcQ3Xe,mLeX8w7LYazKCaE88,uomk9YPvYaYDjYXds,bN7aMXRiG6vtGyeXT,kq2y4zQLi7Ma5Hmfb,WJLCr7Lky6x8ZphMh,p2aL966257TsxPDXs,8t7eriRJsQQegCwAr,ti9P3jLnSkxpbTipr,JPJgMw5EzQBQ6gw9a,rnh5pRGZyjfWER4pB,mtGsvp8w6EhaLsG2r,pmJ5cq994byahef9d,RksFvttb8XbApSzfe","wpQeScFLQ3oohFhkc,N9Fb6na8F5BWBuuqs,RWRaD4XfPtsHiKvMn,uomk9YPvYaYDjYXds,kq2y4zQLi7Ma5Hmfb,NdGkuzbeCurPQss8a",7zkybkZW5gtw5mTeD,Z35EryNXL5tykAKZh,GYpYiWQwD3RnvGC7J,n9uvnsNmeZMttXfuZ,2022-08-10T18:13:04Z
tm7Tiw4gsGNvnhmQA,0,6,2022-08-10T18:50:34Z,,"c4hgXycGP9fdAv2ao,qc8QhFjPCjSJcBPZp,FJHb8JA4W7K6Npg5a,RWRaD4XfPtsHiKvMn,5vX9QCTzMnnMK4qsJ,Nyb3hhJ5NApjkNv8a,f9J4jRqf6GJaq6Myj,NdGkuzbeCurPQss8a,NW7z8ZNFWBQBAMj7J,7k3MM3rpsaPmueHS2,KvBLoXbye54HvCaaH,PzhvWtut35ihQJZwo,XSgxnAfXsnpDihZoE,wpQeScFLQ3oohFhkc,XLEDHh5vRTcbaTgoE,N9Fb6na8F5BWBuuqs,JT7ekvPL347AnrQN5,5pRsBY5kAEt8qRjhX,AeLzPoArJFfLMjpeN,SNumjkpzeTQMcQ3Xe,9GgJGaCg9qjBXXMNs,mLeX8w7LYazKCaE88,uomk9YPvYaYDjYXds,bN7aMXRiG6vtGyeXT,kq2y4zQLi7Ma5Hmfb,WJLCr7Lky6x8ZphMh,p2aL966257TsxPDXs,4B2ytNws2Z59HWtj7,8t7eriRJsQQegCwAr,ti9P3jLnSkxpbTipr,JPJgMw5EzQBQ6gw9a,rnh5pRGZyjfWER4pB,mtGsvp8w6EhaLsG2r,pmJ5cq994byahef9d","4B2ytNws2Z59HWtj7,9GgJGaCg9qjBXXMNs,KvBLoXbye54HvCaaH,7k3MM3rpsaPmueHS2,5vX9QCTzMnnMK4qsJ,AeLzPoArJFfLMjpeN",tm7Tiw4gsGNvnhmQA,Z35EryNXL5tykAKZh,isxDCacxTQ9F62LRX,n9uvnsNmeZMttXfuZ,2022-08-10T18:13:07Z
Ypj43kYB5o3jv8FR8,0,6,2022-08-10T18:48:47Z,,"c4hgXycGP9fdAv2ao,iTZk8EXZ5DhphkgP5,qc8QhFjPCjSJcBPZp,FJHb8JA4W7K6Npg5a,3d9P24WTs6rLfXMTG,4PxLhaAFrMGDhg9aK,RWRaD4XfPtsHiKvMn,i5PecdFoEJHqj5h95,5vX9QCTzMnnMK4qsJ,Nyb3hhJ5NApjkNv8a,f9J4jRqf6GJaq6Myj,NdGkuzbeCurPQss8a,NW7z8ZNFWBQBAMj7J,7k3MM3rpsaPmueHS2,KvBLoXbye54HvCaaH,PzhvWtut35ihQJZwo,XSgxnAfXsnpDihZoE,wpQeScFLQ3oohFhkc,SYLrz6eHznedo45S3,XLEDHh5vRTcbaTgoE,N9Fb6na8F5BWBuuqs,JT7ekvPL347AnrQN5,5pRsBY5kAEt8qRjhX,AeLzPoArJFfLMjpeN,SNumjkpzeTQMcQ3Xe,hDra2D7ZrDgLR4aR6,9GgJGaCg9qjBXXMNs,mLeX8w7LYazKCaE88,uomk9YPvYaYDjYXds,bN7aMXRiG6vtGyeXT,kq2y4zQLi7Ma5Hmfb,WJLCr7Lky6x8ZphMh,p2aL966257TsxPDXs,4B2ytNws2Z59HWtj7,8t7eriRJsQQegCwAr,ti9P3jLnSkxpbTipr,JPJgMw5EzQBQ6gw9a,rnh5pRGZyjfWER4pB","iTZk8EXZ5DhphkgP5,3d9P24WTs6rLfXMTG,4PxLhaAFrMGDhg9aK,hDra2D7ZrDgLR4aR6,SYLrz6eHznedo45S3,i5PecdFoEJHqj5h95",Ypj43kYB5o3jv8FR8,Z35EryNXL5tykAKZh,ir8Jb6Gyph3o2fiEo,n9uvnsNmeZMttXfuZ,2022-08-10T18:13:08Z
muPEnv7RizCLTXEnN,0,6,2022-08-10T18:44:48Z,,"c4hgXycGP9fdAv2ao,5vmBiBAnxKk67Wgfc,hL6qTuCceghuTjprx,iTZk8EXZ5DhphkgP5,ki6R6zrEXSa2Jz6Be,qc8QhFjPCjSJcBPZp,FJHb8JA4W7K6Npg5a,jxmpr9J4BENgpcsz6,3d9P24WTs6rLfXMTG,dP7Ce3Ju3Li4WaFhQ,Zy3kE5bXzzTipAPi8,4PxLhaAFrMGDhg9aK,RWRaD4XfPtsHiKvMn,i5PecdFoEJHqj5h95,5vX9QCTzMnnMK4qsJ,Nyb3hhJ5NApjkNv8a,f9J4jRqf6GJaq6Myj,NdGkuzbeCurPQss8a,NW7z8ZNFWBQBAMj7J,7k3MM3rpsaPmueHS2,KvBLoXbye54HvCaaH,PzhvWtut35ihQJZwo,XSgxnAfXsnpDihZoE,wpQeScFLQ3oohFhkc,SYLrz6eHznedo45S3,XLEDHh5vRTcbaTgoE,N9Fb6na8F5BWBuuqs,JT7ekvPL347AnrQN5,5pRsBY5kAEt8qRjhX,AeLzPoArJFfLMjpeN,SNumjkpzeTQMcQ3Xe,hDra2D7ZrDgLR4aR6,9GgJGaCg9qjBXXMNs,mLeX8w7LYazKCaE88,uomk9YPvYaYDjYXds","jxmpr9J4BENgpcsz6,ki6R6zrEXSa2Jz6Be,hL6qTuCceghuTjprx,Zy3kE5bXzzTipAPi8,5vmBiBAnxKk67Wgfc,dP7Ce3Ju3Li4WaFhQ",muPEnv7RizCLTXEnN,Z35EryNXL5tykAKZh,u9adDwNPQTLAftQ5J,n9uvnsNmeZMttXfuZ,2022-08-10T18:13:09Z
HQFFuFvRujP3TicZT,0,6,2022-08-10T18:42:08Z,,"c4hgXycGP9fdAv2ao,5vmBiBAnxKk67Wgfc,ZspPsNDzQw7x29bzb,hL6qTuCceghuTjprx,jaNjPuNaxKCkKFW5A,voQ3MHuBEzvoDt2pu,i3W5LWgCYswAeNbDL,iTZk8EXZ5DhphkgP5,ki6R6zrEXSa2Jz6Be,DbDFXXc2RvFTJ57c8,qc8QhFjPCjSJcBPZp,6H3cJzzycy5fGgm3R,FJHb8JA4W7K6Npg5a,jxmpr9J4BENgpcsz6,3d9P24WTs6rLfXMTG,dP7Ce3Ju3Li4WaFhQ,Zy3kE5bXzzTipAPi8","jaNjPuNaxKCkKFW5A,ZspPsNDzQw7x29bzb,DbDFXXc2RvFTJ57c8,i3W5LWgCYswAeNbDL,voQ3MHuBEzvoDt2pu",HQFFuFvRujP3TicZT,Z35EryNXL5tykAKZh,KJ4n4rpFdLS7mGkbk,n9uvnsNmeZMttXfuZ,2022-08-10T18:13:10Z
FdsX4xEWYboEy83kj,0,6,2022-08-10T18:41:27Z,,"c4hgXycGP9fdAv2ao,5vmBiBAnxKk67Wgfc,ZspPsNDzQw7x29bzb,hL6qTuCceghuTjprx,jaNjPuNaxKCkKFW5A,of4g5ggvwqvvbQ5Pi,voQ3MHuBEzvoDt2pu,i3W5LWgCYswAeNbDL,iTZk8EXZ5DhphkgP5,ki6R6zrEXSa2Jz6Be,P9LF75DCc3emMb6Px,FfdEYa5yDa5iHo36e,FRXJNFL2futSQ3jMr,xuvmNZkF5Wa9oYN29,DbDFXXc2RvFTJ57c8,kthsJjb5fvcbRvy9X,qc8QhFjPCjSJcBPZp,6H3cJzzycy5fGgm3R,FJHb8JA4W7K6Npg5a,jxmpr9J4BENgpcsz6,3d9P24WTs6rLfXMTG","P9LF75DCc3emMb6Px,of4g5ggvwqvvbQ5Pi,FRXJNFL2futSQ3jMr,FfdEYa5yDa5iHo36e,kthsJjb5fvcbRvy9X,xuvmNZkF5Wa9oYN29",FdsX4xEWYboEy83kj,Z35EryNXL5tykAKZh,g8sDWu8xCXMxMYK2Q,n9uvnsNmeZMttXfuZ,2022-08-10T18:13:11Z
Gu5uhEgGqDSY6SNF6,0,6,2022-08-10T18:39:25Z,,"c4hgXycGP9fdAv2ao,5vmBiBAnxKk67Wgfc,ZspPsNDzQw7x29bzb,hL6qTuCceghuTjprx,jaNjPuNaxKCkKFW5A,LqkrogFqYcfcGpnjj,jdvgrShh7jug3jkyy,of4g5ggvwqvvbQ5Pi,voQ3MHuBEzvoDt2pu,i3W5LWgCYswAeNbDL,iTZk8EXZ5DhphkgP5,zAqCyczHKxuJhP2G6,ki6R6zrEXSa2Jz6Be,ohdBybKSTEoEQ8Gg4,P9LF75DCc3emMb6Px,FfdEYa5yDa5iHo36e,FRXJNFL2futSQ3jMr,wQjA9Jt5irukPwXe9,xuvmNZkF5Wa9oYN29,agndKqpKSESo3A5yE,DbDFXXc2RvFTJ57c8,kthsJjb5fvcbRvy9X,qc8QhFjPCjSJcBPZp,6H3cJzzycy5fGgm3R,FJHb8JA4W7K6Npg5a,jxmpr9J4BENgpcsz6","wQjA9Jt5irukPwXe9,LqkrogFqYcfcGpnjj,zAqCyczHKxuJhP2G6,jdvgrShh7jug3jkyy,ohdBybKSTEoEQ8Gg4,agndKqpKSESo3A5yE",Gu5uhEgGqDSY6SNF6,Z35EryNXL5tykAKZh,dMgyAdYsBfBT8iHLx,n9uvnsNmeZMttXfuZ,2022-08-10T18:13:11Z
pH8mhQvAoD85Z6q6n,0,6,2022-08-10T18:24:50Z,2022-08-10T18:29:51Z,"uSnJofrZFkgvK8YNq,mDW5afvHYZToScNgw,6uTNLN3Lnqd46F35e,J3jBR8w9BwnfAo7Ss,TXFBX3a8fb7p87KRn,aHqiCPdrrbdytAQtZ,gZgH5NYHzcXbC9Adp,WoQkPrPcgqRxqnQ6q,Hf2aB5n7NapJZNeDq,8cKGCbXKe3DzcAeYo,pdjWWkYkEErGpppzs,kWukn29rTBbYA7Zut,kj4vhtn9eXPCsQ3SS,vqaezc4y3oEy7xP74,rjPqaKp2bQLqMiZ2G","pdjWWkYkEErGpppzs,Hf2aB5n7NapJZNeDq,WoQkPrPcgqRxqnQ6q,gZgH5NYHzcXbC9Adp,8cKGCbXKe3DzcAeYo",,Z35EryNXL5tykAKZh,25MuATC66Ck6ac9As,n9uvnsNmeZMttXfuZ,2022-08-10T18:13:12Z
NAkMrdmKDKLrGoWap,0,6,2022-08-10T18:23:22Z,,"uSnJofrZFkgvK8YNq,mDW5afvHYZToScNgw,qdMKjG2uB9xrWEA8s,6uTNLN3Lnqd46F35e,J3jBR8w9BwnfAo7Ss,4Xv4z5FwxNwN8a7A5,DqWfz2Gw2aTiFh93K,Q47Tdytd4Miy8RpnD,ukbHTzGv47RyZmDqZ,TXFBX3a8fb7p87KRn,aHqiCPdrrbdytAQtZ,gZgH5NYHzcXbC9Adp,G4C4jt5gHWEqKSTyB,WoQkPrPcgqRxqnQ6q,Hf2aB5n7NapJZNeDq,8cKGCbXKe3DzcAeYo,pdjWWkYkEErGpppzs,kWukn29rTBbYA7Zut,kj4vhtn9eXPCsQ3SS","ukbHTzGv47RyZmDqZ,G4C4jt5gHWEqKSTyB,qdMKjG2uB9xrWEA8s,Q47Tdytd4Miy8RpnD,DqWfz2Gw2aTiFh93K,4Xv4z5FwxNwN8a7A5",NAkMrdmKDKLrGoWap,Z35EryNXL5tykAKZh,mX5MHMTXdXRXAYLYb,n9uvnsNmeZMttXfuZ,2022-08-10T18:13:13Z
QBJ6vcNGrHyjEfXNt,0,6,2022-08-10T18:21:51Z,,"uSnJofrZFkgvK8YNq,mDW5afvHYZToScNgw,qdMKjG2uB9xrWEA8s,6uTNLN3Lnqd46F35e,J3jBR8w9BwnfAo7Ss,qK4JJfPD9PpMyELxC,4Xv4z5FwxNwN8a7A5,DqWfz2Gw2aTiFh93K,HWobCcFp7WhvgiCBo,y8xWd48ETovYXNwiB,Q47Tdytd4Miy8RpnD,5w72tc8xQc8HkHb7p,ukbHTzGv47RyZmDqZ,TXFBX3a8fb7p87KRn,aHqiCPdrrbdytAQtZ,gZgH5NYHzcXbC9Adp,G4C4jt5gHWEqKSTyB,3qbs38gFQDqFi9ost,ESGkNwxy64JGKwEXy,WoQkPrPcgqRxqnQ6q,Hf2aB5n7NapJZNeDq,8cKGCbXKe3DzcAeYo,pdjWWkYkEErGpppzs","y8xWd48ETovYXNwiB,qK4JJfPD9PpMyELxC,3qbs38gFQDqFi9ost,ESGkNwxy64JGKwEXy,5w72tc8xQc8HkHb7p,HWobCcFp7WhvgiCBo",QBJ6vcNGrHyjEfXNt,Z35EryNXL5tykAKZh,K5NqWwKeMgotZTktB,n9uvnsNmeZMttXfuZ,2022-08-10T18:13:14Z
5YemzfWzaNvobjKS2,0,6,2022-08-10T18:21:03Z,,"6cppJ5sBM7Li2A8rW,uSnJofrZFkgvK8YNq,mDW5afvHYZToScNgw,qdMKjG2uB9xrWEA8s,6uTNLN3Lnqd46F35e,J3jBR8w9BwnfAo7Ss,QxmYqmK679ruTG7wK,yqmubYHRsiSY7ngCw,HwkxanFFSdThz6RDn,BJSbxzjLpbPqQbWk7,qK4JJfPD9PpMyELxC,4Xv4z5FwxNwN8a7A5,DqWfz2Gw2aTiFh93K,HWobCcFp7WhvgiCBo,y8xWd48ETovYXNwiB,Q47Tdytd4Miy8RpnD,5w72tc8xQc8HkHb7p,ukbHTzGv47RyZmDqZ,TXFBX3a8fb7p87KRn,aHqiCPdrrbdytAQtZ,gZgH5NYHzcXbC9Adp,G4C4jt5gHWEqKSTyB,JnZqfvMXfMXDwEnw5,3qbs38gFQDqFi9ost,ESGkNwxy64JGKwEXy,WoQkPrPcgqRxqnQ6q,Hf2aB5n7NapJZNeDq,8cKGCbXKe3DzcAeYo","HwkxanFFSdThz6RDn,QxmYqmK679ruTG7wK,yqmubYHRsiSY7ngCw,6cppJ5sBM7Li2A8rW,JnZqfvMXfMXDwEnw5,BJSbxzjLpbPqQbWk7",5YemzfWzaNvobjKS2,Z35EryNXL5tykAKZh,RDwhEdeEWh9hh6Zjn,n9uvnsNmeZMttXfuZ,2022-08-10T18:13:15Z
b7jYdDxcESmYzG3FL,0,6,2022-08-10T18:20:23Z,,"6cppJ5sBM7Li2A8rW,uSnJofrZFkgvK8YNq,mDW5afvHYZToScNgw,qdMKjG2uB9xrWEA8s,6uTNLN3Lnqd46F35e,YFDGZnbfeThKGu9XX,Mo7P5z7LupcGoCHma,YFQJedF37kFGjSF6C,J3jBR8w9BwnfAo7Ss,QxmYqmK679ruTG7wK,yqmubYHRsiSY7ngCw,HwkxanFFSdThz6RDn,veMJTxWmw94e63tFJ,BJSbxzjLpbPqQbWk7,qK4JJfPD9PpMyELxC,4Xv4z5FwxNwN8a7A5,DqWfz2Gw2aTiFh93K,HWobCcFp7WhvgiCBo,5zmQzD7aYG83sQPXN,y8xWd48ETovYXNwiB,Q47Tdytd4Miy8RpnD,5w72tc8xQc8HkHb7p,ukbHTzGv47RyZmDqZ,TXFBX3a8fb7p87KRn,aHqiCPdrrbdytAQtZ,gZgH5NYHzcXbC9Adp,G4C4jt5gHWEqKSTyB,JnZqfvMXfMXDwEnw5,pG7sdnJdkSY9thabG,3qbs38gFQDqFi9ost,ESGkNwxy64JGKwEXy,WoQkPrPcgqRxqnQ6q,Hf2aB5n7NapJZNeDq,8cKGCbXKe3DzcAeYo","YFQJedF37kFGjSF6C,5zmQzD7aYG83sQPXN,pG7sdnJdkSY9thabG,veMJTxWmw94e63tFJ,Mo7P5z7LupcGoCHma,YFDGZnbfeThKGu9XX",b7jYdDxcESmYzG3FL,Z35EryNXL5tykAKZh,gCkucr5ySRh8mr6Xi,n9uvnsNmeZMttXfuZ,2022-08-10T18:13:15Z
vHYac2byFS5hGtkEh,0,6,2022-08-10T18:19:36Z,,"6cppJ5sBM7Li2A8rW,uSnJofrZFkgvK8YNq,mDW5afvHYZToScNgw,qdMKjG2uB9xrWEA8s,6uTNLN3Lnqd46F35e,fRg74FmTQeiLuuNTq,YFDGZnbfeThKGu9XX,Mo7P5z7LupcGoCHma,YFQJedF37kFGjSF6C,J3jBR8w9BwnfAo7Ss,QxmYqmK679ruTG7wK,yqmubYHRsiSY7ngCw,TLiFSmnh3j4DJq6Jn,HwkxanFFSdThz6RDn,veMJTxWmw94e63tFJ,BJSbxzjLpbPqQbWk7,qK4JJfPD9PpMyELxC,4Xv4z5FwxNwN8a7A5,DqWfz2Gw2aTiFh93K,HWobCcFp7WhvgiCBo,5zmQzD7aYG83sQPXN,y8xWd48ETovYXNwiB,Q47Tdytd4Miy8RpnD,DYca2hbzc5L34WrNH,5w72tc8xQc8HkHb7p,ZSFY53847HjPFSzD4,ukbHTzGv47RyZmDqZ,TXFBX3a8fb7p87KRn,e9FSW6nJYrszW7Qoi,aHqiCPdrrbdytAQtZ,owYYEeBDfD7rGs6cP,gZgH5NYHzcXbC9Adp,G4C4jt5gHWEqKSTyB,JnZqfvMXfMXDwEnw5,pG7sdnJdkSY9thabG,3qbs38gFQDqFi9ost,ESGkNwxy64JGKwEXy,WoQkPrPcgqRxqnQ6q,Hf2aB5n7NapJZNeDq,8cKGCbXKe3DzcAeYo","fRg74FmTQeiLuuNTq,DYca2hbzc5L34WrNH,TLiFSmnh3j4DJq6Jn,ZSFY53847HjPFSzD4,e9FSW6nJYrszW7Qoi,owYYEeBDfD7rGs6cP",vHYac2byFS5hGtkEh,Z35EryNXL5tykAKZh,JiLtQL3qxWuCphDoW,n9uvnsNmeZMttXfuZ,2022-08-10T18:13:16Z
ukPJMaDTj4aSi4RBo,0,6,2022-08-10T18:18:44Z,,"yREDufr793eSMvTzq,XrDQWnPkZ3cpbT6fn,6cppJ5sBM7Li2A8rW,uSnJofrZFkgvK8YNq,mDW5afvHYZToScNgw,qdMKjG2uB9xrWEA8s,6uTNLN3Lnqd46F35e,fRg74FmTQeiLuuNTq,YFDGZnbfeThKGu9XX,Mo7P5z7LupcGoCHma,YFQJedF37kFGjSF6C,J3jBR8w9BwnfAo7Ss,QxmYqmK679ruTG7wK,yqmubYHRsiSY7ngCw,WHYirFYwY4TZncwCg,TLiFSmnh3j4DJq6Jn,HwkxanFFSdThz6RDn,veMJTxWmw94e63tFJ,BJSbxzjLpbPqQbWk7,qK4JJfPD9PpMyELxC,4Xv4z5FwxNwN8a7A5,3JqBdjgkBa95CWon4,DqWfz2Gw2aTiFh93K,o9qvq8nJ89as868Gg,HWobCcFp7WhvgiCBo,5zmQzD7aYG83sQPXN,y8xWd48ETovYXNwiB,Q47Tdytd4Miy8RpnD,DYca2hbzc5L34WrNH,5w72tc8xQc8HkHb7p,ZSFY53847HjPFSzD4,PjwF4GgMekeg9DemA,ukbHTzGv47RyZmDqZ,TXFBX3a8fb7p87KRn,e9FSW6nJYrszW7Qoi,aHqiCPdrrbdytAQtZ,owYYEeBDfD7rGs6cP,gZgH5NYHzcXbC9Adp,G4C4jt5gHWEqKSTyB,JnZqfvMXfMXDwEnw5,pG7sdnJdkSY9thabG,3qbs38gFQDqFi9ost,ESGkNwxy64JGKwEXy,WoQkPrPcgqRxqnQ6q","3JqBdjgkBa95CWon4,XrDQWnPkZ3cpbT6fn,yREDufr793eSMvTzq,o9qvq8nJ89as868Gg,PjwF4GgMekeg9DemA,WHYirFYwY4TZncwCg",ukPJMaDTj4aSi4RBo,Z35EryNXL5tykAKZh,jgyB7EyMa2D7czgoh,n9uvnsNmeZMttXfuZ,2022-08-10T18:13:17Z
udpHCXjyeQo7jrdMv,0,6,2022-08-10T18:18:11Z,,"x9E3yYuPREoJbuu5z,yREDufr793eSMvTzq,XrDQWnPkZ3cpbT6fn,Esenvi68FMsjtdDpy,6cppJ5sBM7Li2A8rW,uSnJofrZFkgvK8YNq,mDW5afvHYZToScNgw,qdMKjG2uB9xrWEA8s,6uTNLN3Lnqd46F35e,fRg74FmTQeiLuuNTq,YFDGZnbfeThKGu9XX,Mo7P5z7LupcGoCHma,YFQJedF37kFGjSF6C,J3jBR8w9BwnfAo7Ss,QxmYqmK679ruTG7wK,yqmubYHRsiSY7ngCw,WHYirFYwY4TZncwCg,TLiFSmnh3j4DJq6Jn,HwkxanFFSdThz6RDn,veMJTxWmw94e63tFJ,BJSbxzjLpbPqQbWk7,vYeh5BokXWWNWraAN,qK4JJfPD9PpMyELxC,4Xv4z5FwxNwN8a7A5,3JqBdjgkBa95CWon4,DqWfz2Gw2aTiFh93K,o9qvq8nJ89as868Gg,oeNpkFcL6itvFhJmt,HWobCcFp7WhvgiCBo,5zmQzD7aYG83sQPXN,y8xWd48ETovYXNwiB,Q47Tdytd4Miy8RpnD,DYca2hbzc5L34WrNH,5w72tc8xQc8HkHb7p,x6kBerTi7sNyEPjaZ,ZSFY53847HjPFSzD4,PjwF4GgMekeg9DemA,ukbHTzGv47RyZmDqZ,TXFBX3a8fb7p87KRn,e9FSW6nJYrszW7Qoi,aHqiCPdrrbdytAQtZ,NcuLMvmyrYC2bPyqg,owYYEeBDfD7rGs6cP,gZgH5NYHzcXbC9Adp,G4C4jt5gHWEqKSTyB,JnZqfvMXfMXDwEnw5,pG7sdnJdkSY9thabG,3qbs38gFQDqFi9ost,4fY9PEr8aqbgMwHTe","Esenvi68FMsjtdDpy,x9E3yYuPREoJbuu5z,oeNpkFcL6itvFhJmt,NcuLMvmyrYC2bPyqg,x6kBerTi7sNyEPjaZ,vYeh5BokXWWNWraAN",udpHCXjyeQo7jrdMv,Z35EryNXL5tykAKZh,GJjfvKHD5iZFK7e2a,n9uvnsNmeZMttXfuZ,2022-08-10T18:13:30Z
JucyB8SNpQcjCXB3W,0,6,2022-08-10T19:13:54Z,2022-08-10T19:18:55Z,"EHRjsC2iMxNWigs5N,XGgMzzyf4ehxyEQ65","EHRjsC2iMxNWigs5N,XGgMzzyf4ehxyEQ65",,Z35EryNXL5tykAKZh,oPhGXm5JqEPPPKPmN,n9uvnsNmeZMttXfuZ,2022-08-10T18:13:31Z
RDrQEugfWveQpLtPg,0,6,2022-08-10T18:16:38Z,,"x9E3yYuPREoJbuu5z,yREDufr793eSMvTzq,XrDQWnPkZ3cpbT6fn,Esenvi68FMsjtdDpy,toYCuvE9KBnftJ9RP,6cppJ5sBM7Li2A8rW,uSnJofrZFkgvK8YNq,mDW5afvHYZToScNgw,qdMKjG2uB9xrWEA8s,6uTNLN3Lnqd46F35e,fRg74FmTQeiLuuNTq,YFDGZnbfeThKGu9XX,45CwLpELYhpAGMXnN,Mo7P5z7LupcGoCHma,YFQJedF37kFGjSF6C,ZAirg62g9gG9b5PfN,J3jBR8w9BwnfAo7Ss,QxmYqmK679ruTG7wK,yqmubYHRsiSY7ngCw,2NfjPq8ivkBuTJeS3,WHYirFYwY4TZncwCg,TLiFSmnh3j4DJq6Jn,HwkxanFFSdThz6RDn,veMJTxWmw94e63tFJ,BJSbxzjLpbPqQbWk7,vYeh5BokXWWNWraAN,qK4JJfPD9PpMyELxC,4Xv4z5FwxNwN8a7A5,3JqBdjgkBa95CWon4,DqWfz2Gw2aTiFh93K,uL8Ra7o8CMsN8KXPj,o9qvq8nJ89as868Gg,oeNpkFcL6itvFhJmt,HWobCcFp7WhvgiCBo,5zmQzD7aYG83sQPXN,a7iX4yqCWYwR6NJQE,y8xWd48ETovYXNwiB,Q47Tdytd4Miy8RpnD,DYca2hbzc5L34WrNH,5w72tc8xQc8HkHb7p,x6kBerTi7sNyEPjaZ,ZSFY53847HjPFSzD4,PjwF4GgMekeg9DemA,ukbHTzGv47RyZmDqZ,TXFBX3a8fb7p87KRn,e9FSW6nJYrszW7Qoi,aHqiCPdrrbdytAQtZ,NcuLMvmyrYC2bPyqg,owYYEeBDfD7rGs6cP,gZgH5NYHzcXbC9Adp,G4C4jt5gHWEqKSTyB,JnZqfvMXfMXDwEnw5,pG7sdnJdkSY9thabG,3qbs38gFQDqFi9ost","toYCuvE9KBnftJ9RP,45CwLpELYhpAGMXnN,uL8Ra7o8CMsN8KXPj,2NfjPq8ivkBuTJeS3,a7iX4yqCWYwR6NJQE,ZAirg62g9gG9b5PfN",RDrQEugfWveQpLtPg,Z35EryNXL5tykAKZh,qJFmX22bFA9Jmqed8,n9uvnsNmeZMttXfuZ,2022-08-10T18:13:31Z
